SatanHerself, SatanIsntHerself
danejerus, danejerus
Mr_Shasta, Mr_Shasta
Asuka424, Asuka424
NickRPGreen, NickRPGreen
Kiara_TV, Kiara_TV
anarchy, anarchyasf
Quacksilver, QuacksilverPlays
ateatree, ateatree
Helix, Helix13_
AmberCyprian, AmberCyprian
Queuety, Queuety
Skybilz, Skybilz
Ecdycis, Ecdycis
Ozmourn, Ozmourn
swooce, swooce19
Sparkle, Sparkle